{"training_loss_0": 3.195633888244629, "training_loss_1": 2.1133103370666504, "training_loss_2": 3.5357964038848877, "training_loss_3": 1.8911325931549072, "training_loss_4": 2.4638357162475586, "training_loss_5": 1.9223867654800415, "training_loss_6": 1.2039504051208496, "training_loss_7": 0.7307872176170349, "training_loss_8": 1.0445128679275513, "training_loss_9": 1.4064513444900513}