{"Accuracy": 0.685, "Precision": 0.6237623762376238, "Recall": 0.7159090909090909, "F1-score": 0.6666666666666666}